recordedAt,hand,predictedStrokeType,predictedDirection,predictedPower,drillId,drillName,drillRepIndex,windowRole,labelSwing,labelStrokeType,labelDirection,labelPower,sampleCount,peakAccelerationG,peakRotationRads,accelerationImpulse,meanAccelerationG,meanRotationRads,standardDeviationAccelerationG,standardDeviationRotationRads,skewnessAccelerationG,skewnessRotationRads,signedVerticalRotation,signedLateralRotation,peakScore,durationSeconds,peakOffsetSeconds,accelerationMagnitudeMean,accelerationMagnitudeStd,accelerationMagnitudeRms,rotationMagnitudeMean,rotationMagnitudeStd,rotationMagnitudeRms,accelerationXMean,accelerationXStd,accelerationXMin,accelerationXMax,accelerationXRange,accelerationXAbsMean,accelerationXRms,accelerationYMean,accelerationYStd,accelerationYMin,accelerationYMax,accelerationYRange,accelerationYAbsMean,accelerationYRms,accelerationZMean,accelerationZStd,accelerationZMin,accelerationZMax,accelerationZRange,accelerationZAbsMean,accelerationZRms,rotationXMean,rotationXStd,rotationXMin,rotationXMax,rotationXRange,rotationXAbsMean,rotationXRms,rotationYMean,rotationYStd,rotationYMin,rotationYMax,rotationYRange,rotationYAbsMean,rotationYRms,rotationZMean,rotationZStd,rotationZMin,rotationZMax,rotationZRange,rotationZAbsMean,rotationZRms
2026-07-05T04:08:05Z,right,unknown,forehand,non_smash,,,,,,,,,42,2.1804577769460503,10.414691399004488,0.16692308725653265,0.4914804144844221,2.2180947475444275,0.7450010825762405,3.4898027939772445,1.1277829889846434,1.4727968162347662,-56.11064194981009,25.602483246009797,15.631470629283609,0.4104174583335407,0.40040745833357505,0.4914804144844221,0.7450010825762405,0.8850789182346736,2.2180947475444275,3.4898027939772445,4.099841245928927,-0.26534548969495864,0.44148259797572176,-1.4878861904144287,0.01864209771156311,1.5065282881259918,0.27643281363305594,0.5105628982937388,-0.31242458309446064,0.5561091348889066,-1.8793931007385254,0.10942405462265015,1.9888171553611755,0.33322925794692265,0.63206267040268,0.155237649168287,0.3185985851501495,-0.13644707202911377,0.9029200673103333,1.039367139339447,0.17857392912819273,0.3509800550925799,-1.0835748989844607,2.4928711559932024,-6.6003031730651855,0.9202835559844971,7.520586729049683,1.487039112530294,2.6908324177061256,0.6095829344288047,1.0002563897455004,-0.11904726922512054,2.8862383365631104,3.005285605788231,0.6721796619683682,1.1611556591445331,-1.3359676654716688,2.56748494709099,-8.030592918395996,0.06793982535600662,8.098532743752003,1.3743766340693193,2.8670257544846858
2026-07-05T04:08:12Z,right,overhead,forehand,non_smash,,,,,,,,,42,1.6140792610472927,10.419973236781802,0.18681895413825822,0.6645553233302269,4.632394550947141,0.2479611425144991,2.7268377397654295,1.5092325855502982,0.4625087855581924,121.77524794451892,127.0055316016078,15.26221101992368,0.4104189999998198,0.4104189999998198,0.664555323330227,0.24796114251449913,0.7082757823501433,4.632394550947141,2.7268377397654295,5.358888335316539,0.12603517515318735,0.2771975242783964,-0.31594306230545044,0.590932309627533,0.9068753719329834,0.24805712274142674,0.301486061902281,0.10869897937490827,0.38497877359989346,-0.8562334775924683,0.48016834259033203,1.3364018201828003,0.36246622495708014,0.3955949275621454,0.4157492698702429,0.2887970560004892,-0.03347838297486305,1.3680243492126465,1.4015027321875095,0.4178403570494127,0.5042473516335633,0.6282749635477861,1.2525730174656862,-4.3687238693237305,1.7449188232421875,6.113642692565918,1.1632151140698366,1.3879167480512422,3.0239412286097096,2.1237256907253093,0.10916871577501297,8.765645027160645,8.656476311385632,3.0239412286097096,3.680631113257453,2.899410665345689,2.226148566756755,-0.23864991962909698,6.107024192810059,6.345674112439156,2.9547777157720354,3.6392754634668343
2026-07-05T04:08:13Z,right,overhead,forehand,non_smash,,,,,,,,,42,1.8935832802275072,6.853838153570475,0.23872512385588246,0.7883931520378156,4.511212565625356,0.35757278015580113,0.8490584703388304,1.4171821868966892,0.5867537138068355,34.921234987676144,162.4252736568451,12.534587994252997,0.4104189999998198,0.4104189999998198,0.7883931520378153,0.35757278015580113,0.8639316004259032,4.511212565625358,0.8490584703388304,4.588548224197402,-0.2979804398048492,0.2607819858543747,-0.6739405989646912,0.5559405088424683,1.2298811078071594,0.3687035193045934,0.39392939285324313,0.4880434608175641,0.40690134634811254,-0.05840688943862915,1.608630895614624,1.6670377850532532,0.4925828455459504,0.6323076887617058,0.40293430501506444,0.17244241187153608,0.07721102237701416,0.829996645450592,0.7527856230735779,0.40293430501506444,0.4374750625962211,-0.2512526440633727,1.0903897155595916,-2.6649599075317383,1.8125314712524414,4.47749137878418,0.8720126785448796,1.1062410659523485,3.8672684204010737,0.482110759896517,3.18145751953125,4.688387870788574,1.5069303512573242,3.8672684204010737,3.896493520324968,0.8314579758970511,2.01333904422525,-1.5135523080825806,5.733125686645508,7.246677994728088,1.6228776653962476,2.1560017986660602
2026-07-05T04:08:20Z,right,overhead,forehand,non_smash,,,,,,,,,42,1.6225327849240379,8.103273636327406,0.22811248007795415,0.7583210072465814,3.763150306429247,0.32809177070143625,1.8532382668718113,0.18554078082702008,0.17868720443922478,110.80768239498138,85.67634665966034,12.97087199109952,0.41041800000130024,0.41041800000130024,0.7583210072465816,0.32809177070143625,0.8247011596041767,3.763150306429247,1.8532382668718113,4.184975350198834,0.17658716865948268,0.19012196154547564,-0.1435064673423767,0.5523775219917297,0.6958839893341064,0.20895057774725415,0.25781536178394915,0.248551846437511,0.4935206315054059,-0.5491465330123901,1.2022596597671509,1.751406192779541,0.4665275430750279,0.547303868283862,0.2832911199047452,0.4894608800996155,-0.4635497033596039,1.439950942993164,1.903500646352768,0.45490856823467074,0.5604656257454208,0.5292931784476552,1.5369860541056497,-4.003441333770752,2.511681318283081,6.515122652053833,1.36302295788413,1.6081764638919802,2.0399130157061984,1.5883848066021005,0.41751471161842346,6.361079216003418,5.9435645043849945,2.0399130157061984,2.573740620079661,2.6382781522614613,1.1729851400875768,0.5886803865432739,4.047955513000488,3.4592751264572144,2.6382781522614613,2.881604824278947
2026-07-05T04:08:23Z,right,overhead,forehand,non_smash,,,,,,,,,42,1.6055117083111694,9.23762559309678,0.2254736260163267,0.7528055828467676,4.188992020297826,0.31361304241942956,2.2575372403361493,0.0657560150765856,0.5784954375458967,142.31842440366745,81.51004079263657,14.054160718030289,0.41041800000130024,0.41041800000130024,0.7528055828467677,0.3136130424194296,0.8140808587009764,4.188992020297826,2.2575372403361498,4.745817517483607,0.08297341494333177,0.3599380111689423,-0.32801806926727295,0.7844533324241638,1.1124714016914368,0.30148779494421823,0.36517846015350097,0.24051620296779133,0.4084450656941367,-0.8313500881195068,0.8976547718048096,1.7290048599243164,0.3913122999171416,0.4697907356489704,0.08153299490610759,0.5562263452180022,-0.5497829914093018,1.373507022857666,1.9232900142669678,0.4723574150176275,0.5555798785428033,-0.38305882785824086,1.191017855296393,-2.745765447616577,1.662165641784668,4.407931089401245,1.1000194112725912,1.2375311016027517,1.9407152569675374,1.5011169783913116,-0.24014759063720703,5.698888301849365,5.939035892486572,1.9854528815929025,2.4425553522885144,3.3885339143730344,1.9051189172714464,0.31605249643325806,7.133876800537109,6.817824304103851,3.3885339143730344,3.8762383869967123
2026-07-05T04:08:28Z,right,underhand,backhand,non_smash,,,,,,,,,42,5.391737859335828,6.979368554409319,0.26834696476317926,0.8353821622380588,2.392209515423996,1.188545971714824,1.7720421013480567,2.166545858390264,1.224343649926762,-60.91227352619171,-61.68429371714592,23.154582132416806,0.4104170000009617,0.4104170000009617,0.8353821622380588,1.188545971714824,1.441135164305038,2.392209515423996,1.7720421013480567,2.964461923896405,-0.5836880058050156,0.7293160938224944,-2.3863565921783447,0.015436232089996338,2.401792824268341,0.5859054688896451,0.9273237408457079,-0.3246826252767018,0.9424754026234847,-4.233114719390869,0.2318859100341797,4.465000629425049,0.4974157490900585,0.9861691775941009,0.07237506693317777,0.4949817602214616,-0.3839128017425537,2.335996389389038,2.719909191131592,0.204293192142532,0.4943800103400275,0.7446171271038198,1.0029664232140292,-0.41208210587501526,3.0424654483795166,3.454547554254532,0.8699130528118639,1.2395343159821774,-1.4686736599320458,1.2655555800577867,-4.346035957336426,-0.26324066519737244,4.082795292139053,1.4686736599320458,1.92885955318727,-1.4502922268140883,1.209365720306091,-6.3407301902771,-0.6578726768493652,5.682857513427734,1.4502922268140883,1.8791194751298743
2026-07-05T04:08:31Z,right,underhand,backhand,non_smash,,,,,,,,,42,1.4425387082708305,9.431022934834864,0.16773816197287053,0.6187378571772761,3.1183587022020385,0.3456534521239643,2.578834340227152,0.9908443697596119,1.0108842622321914,-17.26897815708071,-84.3706804215908,13.758639059647356,0.410417041666733,0.410417041666733,0.6187378571772763,0.3456534521239643,0.7067306211326632,3.1183587022020385,2.578834340227152,4.026934940240036,-0.3715133883413814,0.26074398935871,-1.1388318538665771,-0.18056312203407288,0.9582687318325043,0.3715133883413814,0.45209609312422916,0.28012015102874666,0.2119028908526578,-0.3805481195449829,0.5501018166542053,0.9306499361991882,0.32052800378629137,0.34971562596118205,-0.24944676955540976,0.3365248698417877,-0.9386528134346008,0.1068008542060852,1.045453667640686,0.268651286760966,0.4156636553596511,2.2029953105818656,2.01608972595608,0.1946927011013031,6.731733322143555,6.537040621042252,2.2029953105818656,2.9700218025576657,-2.0088257243235907,1.4210243916472496,-5.301656246185303,-0.35473132133483887,4.946924924850464,2.0088257243235907,2.4508391002222765,-0.4111661465971598,1.1176983713148454,-3.939594030380249,0.5790345072746277,4.518628537654877,0.6628078688601298,1.1783731200599408
2026-07-05T04:08:46Z,right,overhead,forehand,non_smash,,,,,,,,,42,1.689671950046558,7.305897145946079,0.17387592136266647,0.617194066734436,5.17178669637707,0.41824197262305557,1.2138035187750578,1.1098798333102893,0.2800973507539328,144.19459056854248,152.48259091377258,12.283882341813015,0.41041600000062317,0.41041600000062317,0.617194066734436,0.41824197262305557,0.7427583393245788,5.171786696377069,1.213803518775058,5.309012864142265,-0.13135072730836414,0.19904386673746158,-0.4475991725921631,0.20395636558532715,0.6515555381774902,0.17751076107933408,0.2364913904616391,-0.17916480261122897,0.4846635165322544,-1.1190005540847778,0.4095306694507599,1.5285312235355377,0.40897161500262363,0.5112787145814872,0.3508226353497732,0.3376291713594091,-0.07612454891204834,1.2758315801620483,1.3519561290740967,0.3641871689330964,0.4841031386901234,-0.06942528781170647,1.159411419614545,-3.7053661346435547,0.7773799300193787,4.482746064662933,0.7882935356215707,1.1476276047104244,3.6305378788993474,1.2269799568470445,2.372642993927002,5.924774169921875,3.552131175994873,3.6305378788993474,3.8275893650101946,3.4332045373462496,0.6646447550293176,2.0041050910949707,4.249313831329346,2.245208740234375,3.4332045373462496,3.495443909633728
2026-07-05T04:08:49Z,right,overhead,forehand,non_smash,,,,,,,,,42,1.4597043458939611,8.509986364752333,0.3070907283708576,0.9511684008829944,5.981878111016175,0.1908373410425379,0.9182522326798808,1.2613714541182073,0.3782632582624609,173.11973822116852,156.95223236083984,12.172266320437245,0.410415208332779,0.410415208332779,0.9511684008829943,0.19083734104253788,0.9696768024081007,5.981878111016177,0.9182522326798809,6.0502873496262115,-0.37708764603095396,0.27855324485700733,-0.6900774836540222,0.14138752222061157,0.8314650058746338,0.41588581326816765,0.46683999033471374,0.2511210166627452,0.5865342255006766,-0.8794718384742737,1.1952317953109741,2.074703633785248,0.5181922343160424,0.631579886653106,0.2104411352248419,0.5347556040184569,-0.8738669157028198,0.7688825130462646,1.6427494287490845,0.5258014826547532,0.5687181826950258,0.9018848250353975,1.8398200271586431,-2.6344587802886963,3.232395887374878,5.866854667663574,1.8282371304618816,2.0292215784461285,3.7369579133533297,0.7389829780493842,2.77706241607666,6.546858310699463,3.7697958946228027,3.7369579133533297,3.807617103395781,4.121898529075441,1.012243764132939,1.2357081174850464,5.377063751220703,4.141355633735657,4.121898529075441,4.241496055938693
2026-07-05T04:08:55Z,right,unknown,backhand,non_smash,,,,,,,,,42,6.187155907035075,9.071443224523213,0.4479267613321596,1.2788927928158935,2.222601067249678,1.5079157911098224,1.6378644081186453,1.947174994503775,2.4049963233906304,-17.447673112154007,-10.032077565789223,27.63291094562844,0.4104169999991427,0.4104169999991427,1.2788927928158935,1.5079157911098224,1.9634761201689936,2.2226010672496774,1.6378644081186455,2.7493060759490295,-0.7049881006990161,0.9484080173041513,-2.551344394683838,0.3272785544395447,2.8786229491233826,0.8677240283716292,1.1726337246120995,-0.6527866550854274,1.3705552315588667,-5.543025493621826,0.3932996988296509,5.936325192451477,0.7642006270942234,1.5032723422532384,0.07681479198592049,0.468690332924295,-0.25484612584114075,1.8455966711044312,2.100442796945572,0.24050843289920262,0.4694048225068644,0.31074778726767927,0.5524765133146137,-1.2220141887664795,1.1641926765441895,2.386206865310669,0.550356012103813,0.6281139204109593,-0.23885898966164815,0.7677922771763492,-2.005983829498291,1.4790012836456299,3.484985113143921,0.6392626833348047,0.7953129981054344,-0.4154207883846192,2.552284980294268,-8.84457778930664,1.812721848487854,10.657299637794495,1.9151630103588104,2.555706171937762
2026-07-05T04:09:05Z,right,unknown,backhand,non_smash,,,,,,,,,42,7.1679678667223525,6.953724586451823,0.43241513912663965,1.248584321143644,1.9938844234608022,1.6182568251435665,1.307563975353327,2.3187054053847254,2.2717467512490903,-35.01844542333856,-5.787549938075244,28.45762818661888,0.4104170000009617,0.4104170000009617,1.2485843211436443,1.6182568251435667,2.028636647106541,1.9938844234608024,1.307563975353327,2.375834788068925,-0.5167631421770368,0.8012362366708767,-2.211024761199951,0.4408547282218933,2.6518794894218445,0.7037724597113473,0.9453773985616188,-0.5355349672692162,1.417554405762223,-5.834041595458984,0.43327653408050537,6.26731812953949,0.730635418068795,1.49947120579373,0.463400831534749,0.8814609227153111,-0.11610013246536255,4.0853424072265625,4.201442539691925,0.48135982879570555,0.9865162559573111,-0.8536108961949745,0.8563784016299166,-2.3618171215057373,1.3267253637313843,3.6885424852371216,1.069973974266932,1.201904324754042,-0.13779880804941058,0.920108297533567,-0.8563920259475708,3.593970537185669,4.45036256313324,0.6420301835141367,0.9194730365785365,-0.8337725100794896,1.6505372826093896,-6.9203057289123535,0.9001535177230835,7.820459246635437,1.2779107843858324,1.831552966567194
2026-07-05T04:09:23Z,right,overhead,forehand,non_smash,,,,,,,,,42,1.35867970007712,8.723254522033018,0.18025280462534254,0.6491733443460534,4.454380513071061,0.2770023019695758,2.1597094317738232,0.9983571081342159,0.6244287856519685,63.884250059723854,145.946351647377,12.79929362226438,0.41041600000062317,0.41041600000062317,0.6491733443460538,0.2770023019695758,0.704506490381247,4.454380513071061,2.1597094317738232,4.939108700529036,-0.0645161143371037,0.128019658549588,-0.21199911832809448,0.19441282749176025,0.40641194581985474,0.1335300760609763,0.14198995356529404,-0.08068806997367314,0.3593120689875099,-0.7089324593544006,0.3746521770954132,1.0835846364498138,0.32630185073330287,0.36406289993033236,0.5157886026870637,0.2819237032640767,0.12440341711044312,1.1582406759262085,1.0338372588157654,0.5157886026870637,0.5861965992481912,-0.4607532144125019,2.0184939094614944,-4.913898944854736,1.6856752634048462,6.5995742082595825,1.5264634788923321,2.0468521255163874,3.4749131344613575,2.277289376824663,0.5775689482688904,7.215985298156738,6.638416349887848,3.4749131344613575,4.139757346822347,1.5210535728505679,0.8788551773659793,-0.6498384475708008,2.5609474182128906,3.2107858657836914,1.5712395459413528,1.7514566056117578
2026-07-05T04:09:24Z,right,overhead,forehand,non_smash,,,,,,,,,42,2.449287095842018,7.00279996242458,0.3069344595225119,0.9507963321964565,4.436522304892672,0.4676981638240853,1.2482546643791057,1.043445657076374,0.3247467539599886,39.758857562206686,91.01429335027933,11.265110733947886,0.41041575000053854,0.41041575000053854,0.9507963321964569,0.4676981638240853,1.0571410052993915,4.436522304892673,1.2482546643791055,4.60475529257512,-0.7854260305563608,0.3049891103073432,-1.3574475049972534,-0.26756203174591064,1.0898854732513428,0.7854260305563608,0.841247694847483,-0.19649729132652283,0.3721375439342667,-1.1083447933197021,0.4326663017272949,1.541011095046997,0.3448437721956344,0.4168935631767959,0.193365392940385,0.4511145578736402,-0.3815256357192993,1.7111152410507202,2.0926408767700195,0.30679906053202494,0.48584892505897254,2.884279708067576,0.726936891520186,1.3353415727615356,4.338382720947266,3.00304114818573,2.884279708067576,2.972360146327247,2.1670069845304605,1.461100911549301,-0.3477218747138977,4.196023464202881,4.543745338916779,2.204287914825337,2.6038253004684218,0.9466394657668259,2.192549399525393,-3.63816499710083,4.58811092376709,8.22627592086792,1.94161574438303,2.3640939637976697
2026-07-05T04:09:37Z,right,overhead,forehand,non_smash,,,,,,,,,42,2.1665466071911426,8.08504540147524,0.17035161919685593,0.6249486150546236,3.2101294257294213,0.5016830051401174,1.8679036036770904,1.6315359414140858,1.176764801958846,41.45948605239391,108.5303766131401,14.584685223048668,0.41041500000028464,0.41041500000028464,0.6249486150546237,0.5016830051401174,0.7976553699193336,3.210129425729421,1.8679036036770904,3.70282619808376,-0.00585183926991054,0.09912193849495272,-0.19994252920150757,0.13518452644348145,0.335127055644989,0.08349138498306274,0.09810948151963912,-0.18171029005731856,0.35310417912097225,-0.7759162783622742,0.2347334325313568,1.010649710893631,0.28632552992729915,0.3933605959081355,0.5179983572590918,0.45666067925151255,0.10672415792942047,2.0589399337768555,1.952215775847435,0.5179983572590918,0.6869469123475941,0.07703544412340436,1.4248509318412685,-4.704408168792725,1.4547357559204102,6.159143924713135,1.0202201902866364,1.4098923853063292,2.5840565860271454,1.9494238729563094,0.7257142066955566,6.559370994567871,5.8336567878723145,2.5840565860271454,3.222905467364008,0.9871306202950931,0.6086031524334686,-0.45951613783836365,1.7096171379089355,2.169133275747299,1.0640043921413875,1.1558571120626662
2026-07-05T04:09:40Z,right,underhand,backhand,non_smash,,,,,,,,,42,1.3733969788488487,9.397929229781044,0.23769303913206852,0.759969203125819,4.579741054697174,0.42836722815623185,3.1078276131593467,-0.4435801085455807,0.14391451128700092,-17.555324979359284,-46.255474518984556,13.354289275766073,0.41041500000028464,0.3903950000003533,0.759969203125819,0.4283672281562318,0.8698750832033224,4.579741054697175,3.1078276131593467,5.513860182643316,-0.26248159295036677,0.26798733713966644,-0.9776469469070435,-0.010137081146240234,0.9675098657608032,0.26248159295036677,0.37283222213922956,0.1278763995284126,0.23844368645919817,-0.24439737200737,0.842502236366272,1.086899608373642,0.16580001371247427,0.26805608623627797,0.6504329457169488,0.354620783900956,0.0156039297580719,1.0142226219177246,0.9986186921596527,0.6504329457169488,0.738799518911863,-4.317902829320658,3.05757072543983,-9.383073806762695,-0.16265210509300232,9.220421701669693,4.317902829320658,5.269766082747654,-1.1013208218805848,1.076475707853185,-3.097287178039551,0.43233799934387207,3.529625177383423,1.1250677622322525,1.5310509551661935,-0.41798392807998297,0.34081903242403067,-1.0342272520065308,0.22315697371959686,1.2573842257261276,0.44508358090561595,0.5367518230490874
2026-07-05T04:09:45Z,right,underhand,backhand,non_smash,,,,,,,,,42,1.358935665059567,8.882143573256798,0.2668447916320853,0.8553447419811552,5.219918173848218,0.22295364707648224,1.7067913883103636,0.42647779861846413,0.20621721196624954,25.680676218820736,-25.062753468751907,11.479411684756641,0.41041379166745173,0.41041379166745173,0.8553447419811553,0.22295364707648224,0.8832550168228512,5.219918173848218,1.7067913883103636,5.485555777116164,-0.24310611330327533,0.3589435559431373,-0.7316495776176453,0.2793440818786621,1.0109936594963074,0.3419902956201917,0.42996910155169227,0.31197062134742737,0.5850272571203762,-0.5199057459831238,1.2985084056854248,1.8184141516685486,0.533517416034426,0.6568360423642957,0.15150257235481626,0.3798887507221683,-0.3822135329246521,1.0579566955566406,1.4401702284812927,0.3348196234021868,0.4047621646161791,-0.10364608524278515,5.059097732757876,-6.070259094238281,8.786657333374023,14.856916427612305,4.442546607349955,4.999582006611128,-0.596732225446474,2.01548827751882,-3.5825953483581543,2.2300760746002197,5.812671422958374,1.8587980242002577,2.078837046241363,0.6114446718766842,0.6401810612802187,-1.2611122131347656,1.5076067447662354,2.768718957901001,0.7574694114792648,0.8797377326210672
2026-07-05T04:09:48Z,right,underhand,backhand,non_smash,,,,,,,,,42,3.2263083426318184,7.274345061690218,0.43212835191157956,1.2460397464223256,1.9526320192138384,0.9728880163826259,1.8233720951105095,0.6799623107582976,1.4181794440173372,-11.482572657987475,-12.877316595055163,16.953270089585672,0.4104140000017651,0.4104140000017651,1.2460397464223256,0.9728880163826259,1.5737185783024104,1.9526320192138389,1.8233720951105095,2.656745831659198,-0.39586270848910016,0.687945778905529,-2.0192811489105225,0.300672709941864,2.3199538588523865,0.5641923929963794,0.786580167411117,0.4105051323061898,0.4719136591255214,-0.16015037894248962,1.1930344104766846,1.3531847894191742,0.45851177757694606,0.6212201902731647,0.9690814216931661,0.738813089745367,0.05029229819774628,2.4216740131378174,2.371381714940071,0.9690814216931661,1.2132465862827029,-1.4264382522641903,1.569867523053347,-4.481595993041992,0.20131349563598633,4.6829094886779785,1.461098025464231,2.1072569696249865,-0.306602776072742,1.5537932421065181,-6.060546875,0.7267886400222778,6.787335515022278,0.9855991069981385,1.5655018366573976,-0.2733945870949399,0.3073683276028239,-0.6240514516830444,0.5432445406913757,1.1672959923744202,0.3771837019760694,0.40862021172202956
2026-07-05T04:09:53Z,right,unknown,forehand,non_smash,,,,,,,,,42,5.026853628511642,8.79929025853866,0.5339772277075776,1.4861398594106785,2.403082716695705,1.3425829486967633,1.4843374612527154,1.0527267837450947,2.5640592543113447,-3.015084210783243,3.342677168548107,23.879851144073584,0.410414291665802,0.410414291665802,1.4861398594106785,1.3425829486967633,1.992039984371185,2.403082716695706,1.4843374612527154,2.8152452336377047,-0.35270098135584876,0.9189349220967081,-3.6730971336364746,0.25270843505859375,3.9258055686950684,0.4269770738624391,0.9740295816310385,0.5383172773179554,0.32461593812861445,0.005367368459701538,1.2518091201782227,1.2464417517185211,0.5383172773179554,0.6266195478090703,1.2234068328425998,1.075954031094289,0.007717616856098175,3.427410840988159,3.419693224132061,1.2234068328425998,1.6207521759185677,-1.8956481189954848,1.0009972881404976,-5.267314910888672,-0.9123338460922241,4.354981064796448,1.8956481189954848,2.1381347769760004,0.07958755163209778,1.6224635358937118,-7.0387115478515625,1.4124404191970825,8.451151967048645,0.9847279771098069,1.605006604564627,-0.07178771930436294,0.8897382513701205,-1.0017191171646118,1.5208346843719482,2.52255380153656,0.8095934973763568,0.8820086169134235
2026-07-05T04:10:00Z,right,underhand,backhand,non_smash,,,,,,,,,42,3.3944389638067793,7.0124576793953715,0.4744857215056665,1.349727908346825,3.010830002920245,0.8100768871876548,1.4032204285710963,0.9154845808561118,1.0045624043850612,10.989746313542128,-0.9135680049657822,17.195774570815708,0.4104141250008979,0.4104141250008979,1.349727908346825,0.8100768871876547,1.5691926571855626,3.010830002920245,1.4032204285710965,3.3147010828741177,-0.3885127476283482,0.7764435462775223,-2.7084550857543945,0.13948136568069458,2.847936451435089,0.43225726343336557,0.8599144242545746,0.3669232651591301,0.09885725129230269,0.18826860189437866,0.6050301790237427,0.416761577129364,0.3669232651591301,0.37970087434488714,1.0999053858575367,0.6147738627135941,0.2505890727043152,1.9935412406921387,1.7429521679878235,1.0999053858575367,1.2564792176338369,-2.0857446067079546,1.1306296529462885,-4.1828227043151855,-0.014349632896482944,4.168473071418703,2.0857446067079546,2.366055304682371,-0.021751619165851957,2.2225444949213475,-6.489179611206055,1.8972365856170654,8.38641619682312,1.70298098134143,2.196033962415399,0.2616606265129078,0.714241075831027,-1.3407247066497803,1.222875952720642,2.5636006593704224,0.6497558570866074,0.7526356355563986
2026-07-05T04:10:05Z,right,overhead,forehand,non_smash,,,,,,,,,42,5.041261155001287,7.081155878991149,0.6640105469776504,1.8009774928039295,3.5107255296705646,1.0503240680244958,1.7055566259902728,1.4154349305499676,0.41483494985900565,12.480836806818843,18.585752805694938,22.204939343995008,0.41041299999960756,0.41041299999960756,1.8009774928039295,1.0503240680244956,2.0785654600123014,3.5107255296705646,1.7055566259902728,3.894208143908262,-0.49953861179805936,0.9889001946372992,-3.5351619720458984,0.5659321546554565,4.101094126701355,0.7487191302435738,1.09735068438165,0.4814211468966234,0.37239958106966403,-0.033749327063560486,1.7173515558242798,1.7511008828878403,0.4830282577091739,0.6059255972662666,1.2568188018742061,1.0945507343064649,-0.4162278175354004,3.1701533794403076,3.586381196975708,1.3635388023796535,1.658044033679683,-1.975984319689728,2.691984696946578,-5.83072566986084,1.7239893674850464,7.554715037345886,2.723075982005823,3.3134201697041057,0.4425179239451176,1.2844009934289717,-3.8218259811401367,1.8624809980392456,5.684306979179382,1.1495630895009352,1.3439604863744692,0.2971627811147344,1.532142372753658,-1.7147817611694336,3.0451154708862305,4.759897232055664,1.3412185814675122,1.5426840435239964
2026-07-05T04:10:40Z,right,underhand,backhand,smash,underhand_20,下手,1,stroke_peak,yes,underhand,,,43,11.922528936865179,37.28402341104489,2.8244300074121225,6.78844187770261,14.835789247351986,3.4009147878682473,10.795129181386164,0.12317283008813591,0.7562537050974031,-76.12806797027588,-358.45115876197815,69.47554115724301,0.4204239583341405,0.2702729583343171,6.78844187770261,3.4009147878682473,7.574970800497902,14.835789247351986,10.795129181386164,18.273624289674338,-5.32074253850205,3.3772274804856988,-11.30567455291748,-0.45366421341896057,10.85201033949852,5.32074253850205,6.2809807022579704,0.20801528456599214,1.6878794291180976,-4.028576374053955,3.3082151412963867,7.336791515350342,1.3111452883066133,1.6810571012841162,3.0719500662282457,2.4086414662354727,-2.450601100921631,8.925573348999023,11.376174449920654,3.303703853557276,3.8863235928678197,4.387276232935662,10.259442625169774,-9.198234558105469,34.992027282714844,44.19026184082031,7.2699356321678605,11.04792007481641,-8.336073459580888,9.847107248854536,-28.129802703857422,2.9237747192382812,31.053577423095703,9.018544737682786,12.814079357243328,-1.770420185355253,6.752341639070862,-11.169179916381836,12.0623197555542,23.231499671936035,6.091310024261475,6.90421443228083
2026-07-05T04:10:40Z,right,underhand,forehand,non_smash,underhand_20,下手,1,recovery,no,,,,58,1.5764749092384758,6.862695803366813,0.41321187695660744,0.9324342706148405,5.234495634746741,0.3002059517174488,1.0236927591132532,0.024248831976430248,-0.4736225970245338,-255.80178880691528,88.6935383528471,11.59212053108224,0.5705762500001583,0.2602630000001227,0.9324342706148405,0.3002059517174488,0.9787764949462965,5.2344956347467395,1.0236927591132532,5.331962431023495,-0.5094459411399118,0.28703526945659374,-1.0644237995147705,-0.02315378189086914,1.0412700176239014,0.5094459411399118,0.5835271275751346,0.6676515375809937,0.3520097365835611,-0.1320829838514328,1.1810028553009033,1.3130858391523361,0.6775013574174252,0.7533478852682934,0.02160978933860516,0.2244279650057896,-0.36332273483276367,0.37904781103134155,0.7423705458641052,0.19883140818826084,0.22353183711735602,-1.6019079849637787,0.8042056232676859,-3.661058187484741,-0.6456063985824585,3.0154517889022827,1.6019079849637787,1.7893309006108928,1.5291989371180534,1.1840410775048358,-0.4126378893852234,3.5828158855438232,3.9954537749290466,1.559290745391928,1.9277528509492217,-4.410375669084746,1.4479718086072095,-6.669635772705078,-1.1235935688018799,5.546042203903198,4.410375669084746,4.638090904631144
2026-07-05T04:10:44Z,right,underhand,backhand,smash,underhand_20,下手,2,stroke_peak,yes,underhand,,,43,11.669881182998653,42.746871736037015,2.659655132251757,6.405244493608731,14.773406676528134,3.220666861214071,10.55833122659441,0.29038394314293675,0.9248395679671018,-63.999963611364365,-367.2210309803486,66.69127080819591,0.4204250000002503,0.27027300000008836,6.405244493608734,3.220666861214071,7.1525258886628365,14.773406676528133,10.558331226594406,18.086994862616645,-5.289582557456438,3.383509460587059,-10.868301391601562,-0.7128394246101379,10.155461966991425,5.289582557456438,6.257921713701999,0.7209426081457804,1.6643467839663368,-4.39721155166626,3.7680399417877197,8.16525149345398,1.3521845701128938,1.7959367163248823,2.28557584105536,1.9058510307115841,-0.8575375080108643,8.955300331115723,9.812837839126587,2.404094738322635,2.9616977773103956,3.2076424956321716,11.249701443531242,-6.266412258148193,37.706974029541016,43.97338628768921,8.002857800139937,11.57158568279305,-8.540023976287177,8.804207323035756,-25.524803161621094,1.1535776853561401,26.678380846977234,8.783034210288248,12.191940919772815,-1.4883712467759154,6.586967598844434,-12.236573219299316,12.474469184875488,24.711042404174805,5.285776999800704,6.677901208828193
2026-07-05T04:10:45Z,right,underhand,backhand,non_smash,underhand_20,下手,2,recovery,no,,,,58,1.2388987670790321,7.170918775408855,0.17085110493524286,0.5049698291955613,2.1464308324982873,0.2857048747976745,1.5428527227111066,0.506145220231257,1.3684338400748068,-94.18925327062607,-19.395121764857322,8.994194751707496,0.5705764166650624,0.23023299999840674,0.5049698291955612,0.2857048747976745,0.5789770609119795,2.1464308324982873,1.542852722711107,2.63562488942949,0.04083260791055087,0.30630375050353364,-0.5456596612930298,0.576178789138794,1.1218384504318237,0.24917628641786246,0.30638483801572053,0.13184793319167762,0.2713066690144011,-0.22862988710403442,0.8325480818748474,1.0611779689788818,0.2319105614362092,0.29953646624431135,-0.09668178393923003,0.38048564894789383,-0.8504886627197266,0.5689321756362915,1.419420838356018,0.30645517645211057,0.38938499391505227,-1.044312903850243,0.9032797861509355,-2.587991237640381,0.6336413025856018,3.2216325402259827,1.1296892333133468,1.3756585056050086,-0.3343986511182297,0.8097583328546847,-3.7474684715270996,1.0843839645385742,4.831852436065674,0.4587275924177134,0.8696123823510067,-1.6239526425970012,1.299910877258467,-5.8592610359191895,-0.37559565901756287,5.483665376901627,1.6239526425970012,2.073127236374703
2026-07-05T04:10:48Z,right,overhead,backhand,smash,underhand_20,下手,3,stroke_peak,yes,underhand,,,43,13.90068270816861,48.743974099393995,2.6901687151084106,6.476206314205608,14.574524827110244,3.5871380740877044,11.644356070856032,0.47275619321144174,0.9924754492584575,22.561925530433655,-341.9317024573684,67.45764232838637,0.42042600000058883,0.2702740000004269,6.476206314205609,3.587138074087705,7.383059136665756,14.574524827110242,11.644356070856032,18.57025908577783,-5.348586979300477,3.5975694186423355,-11.53221321105957,-0.6707270741462708,10.8614861369133,5.348586979300477,6.422530645464567,0.668939624068349,2.13028512779882,-8.406387329101562,3.6749627590179443,12.081350088119507,1.5825890250677286,2.2090851940585248,1.9391637659350107,2.1749148815718806,-1.7068531513214111,10.475364685058594,12.182217836380005,2.2630302510982334,2.8949274479619684,3.1330117742682613,12.357804768735006,-8.524935722351074,43.26718521118164,51.792120933532715,7.99852053024048,12.608710559576329,-7.9519000571481016,8.668545182848316,-24.962310791015625,7.238429546356201,32.200740337371826,8.390118108412555,11.688834961907892,0.5246959425682245,7.080730378945665,-14.230724334716797,17.309181213378906,31.539905548095703,5.332840273546618,7.017554971001095
2026-07-05T04:10:49Z,right,underhand,backhand,non_smash,underhand_20,下手,3,recovery,no,,,,58,0.5494715112140716,4.133347053429191,0.09013862180921423,0.3752879222479023,2.2389050392057097,0.08814706708496024,0.921084672242534,0.09888945296231262,-0.1382126678170429,-108.2371056675911,-1.550733469426632,5.315893924877119,0.5705786250000529,0.23023362499952782,0.37528792224790236,0.08814706708496023,0.3853270898003487,2.2389050392057097,0.9210846722425339,2.41794648700008,0.08969112459955544,0.1885882916203431,-0.339252769947052,0.5309692621231079,0.8702220320701599,0.15965120288832435,0.20735680007725016,0.21330766097224993,0.15205763274297474,-0.12179532647132874,0.43230339884757996,0.5540987253189087,0.22250938595368944,0.2611953961020926,-0.1678540367504646,0.09613244134021358,-0.3137587308883667,0.021486759185791016,0.3352454900741577,0.16941814895333915,0.1930209539164084,-0.8031720339866548,0.9328296641498829,-2.5472159385681152,0.5968374013900757,3.144053339958191,0.911512097600719,1.2248483771785665,-0.026736783955631584,0.39995091854135434,-1.1668875217437744,0.5868109464645386,1.753698468208313,0.30674651621616095,0.39738853671540425,-1.8661569942688119,0.8474276996720655,-3.948530912399292,-0.5485560297966003,3.3999748826026917,1.8661569942688119,2.046532193200549
2026-07-05T04:10:52Z,right,underhand,backhand,smash,underhand_20,下手,4,stroke_peak,yes,underhand,,,43,12.106090583470712,46.09348496004324,2.575566671528759,6.209689933787812,16.052967866059543,2.9159559622167404,11.304206499309387,0.3451566981535887,0.9617041571261546,-23.566212698817253,-307.10886926203966,70.12499749276931,0.42042599999876984,0.2702740000004269,6.209689933787812,2.9159559622167404,6.845824182062246,16.052967866059543,11.304206499309386,19.557891392856444,-4.559887776541156,3.336766930628864,-10.604217529296875,-0.3183438181877136,10.285873711109161,4.559887776541156,5.627402556804407,0.6742933919263441,1.968183354653369,-6.534119129180908,3.1408700942993164,9.674989223480225,1.7310447277024734,2.0587205216395974,2.678955060104991,1.967886878458495,0.0956379771232605,9.15995979309082,9.06432181596756,2.678955060104991,3.3104862194486504,3.1447452769647244,13.309121877504712,-9.375410079956055,44.30803298950195,53.68344306945801,9.053925365355775,13.524155511753674,-7.142066727024178,9.221997070890326,-23.468677520751953,4.10566520690918,27.574342727661133,8.46409117811641,11.579142932999554,-0.5480514581120292,8.172181536132548,-16.05723762512207,18.32234001159668,34.37957763671875,5.923678078277167,8.095170311107564
2026-07-05T04:10:53Z,right,underhand,backhand,non_smash,underhand_20,下手,4,recovery,no,,,,58,0.5473592238827643,2.6315692940960913,0.07063759560344138,0.3363100229380693,2.165030932241167,0.11121872224460135,0.3347069888104106,0.1510485137735808,-0.2227999485905426,-99.67683988809586,-4.981619568541646,4.026109716263168,0.5705773750014487,0.5105163750013162,0.3363100229380692,0.11121872224460135,0.3539219782222906,2.165030932241167,0.3347069888104106,2.190309607208682,-0.08543856082291439,0.12807982920638,-0.34732240438461304,0.14582812786102295,0.493150532245636,0.11657059500957358,0.15304037084028146,0.23689446084458252,0.16720357447610867,-0.019862055778503418,0.5333762168884277,0.5532382726669312,0.23757935931970334,0.2891262752607065,0.09009488800476337,0.10151851796554012,-0.12952518463134766,0.2017008662223816,0.33122605085372925,0.12230934254054365,0.1350755659463207,-1.0986816001863315,0.5216036034564571,-2.3318662643432617,0.09744619578123093,2.4293124601244926,1.1020418138339603,1.2142819730834356,-0.08588999256106286,0.4710936498283876,-1.063547968864441,0.9462535381317139,2.009801506996155,0.37634772560077495,0.47484729308440576,-1.71856620496717,0.3828217333947428,-2.2670204639434814,-0.7585923671722412,1.5084280967712402,1.71856620496717,1.7599703160921953
2026-07-05T04:10:56Z,right,underhand,backhand,smash,underhand_20,下手,5,stroke_peak,yes,underhand,,,43,13.46762099053634,45.28834717455631,2.6516027789607897,6.3865180906064865,15.997493171149351,3.3429329072470293,11.746240228162668,0.5892454689636297,0.8296132846727338,-4.916798412799835,-316.4340677559376,76.76290434904195,0.4204250000002503,0.27027300000008836,6.3865180906064865,3.3429329072470293,7.190474627038452,15.997493171149353,11.746240228162668,19.76575943076839,-4.920407091462335,3.4180710636533886,-12.303777694702148,-0.4870002865791321,11.816777408123016,4.920407091462335,5.9684096029426295,0.45897070405095125,1.5965850629171843,-4.960995197296143,2.2557644844055176,7.21675968170166,1.393275695484738,1.6433067121613354,2.8360562088877654,2.337609876945776,-0.20946520566940308,10.782610893249512,10.992076098918915,2.8541136827579763,3.657944125236397,3.6420590163663378,13.165488250231617,-7.923461437225342,42.735347747802734,50.658809185028076,8.783298102229141,13.511615100812206,-7.358931808277618,9.695656899729638,-25.39659309387207,6.123402118682861,31.51999521255493,8.478405547003414,12.081947671954481,-0.11434414913487989,7.975861905566028,-13.159037590026855,20.923419952392578,34.082457542419434,5.666920348655346,7.883403052912288
2026-07-05T04:10:57Z,right,underhand,backhand,non_smash,underhand_20,下手,5,recovery,no,,,,58,0.5792206437758509,3.694054496082413,0.043172352076934206,0.2640291486840123,1.6438869763763047,0.12347263930809954,1.0692324739976529,0.6072259401559583,0.39105892556404,-69.98157988861203,-0.9033242526929826,5.178997403076785,0.5705789999992703,0.010009999999965657,0.2640291486840123,0.12347263930809957,0.29102238864188384,1.6438869763763042,1.0692324739976529,1.9559936421891484,0.08090500173897579,0.13914067835960892,-0.22461450099945068,0.31135979294776917,0.5359742939472198,0.1274193032034512,0.15991232711694336,0.14837473534561438,0.11488345396418759,-0.01025073230266571,0.4930497705936432,0.5033005028963089,0.1488291996948678,0.18704468656812615,-0.11304529370932744,0.10750057177923293,-0.2545420527458191,0.0847773551940918,0.3393194079399109,0.1369933033811635,0.15535882193651843,-0.6810731351504038,1.005860287046551,-3.0660648345947266,0.6972010731697083,3.763265907764435,0.8973047757071668,1.2075477142485416,-0.015574556080913493,0.45218912112643594,-1.166783094406128,0.9261594414710999,2.092942535877228,0.3477767285417187,0.4485444649150419,-1.2065789635967592,0.8504019008004478,-3.4613897800445557,0.006334987003356218,3.467724767047912,1.206797411424461,1.4719196680157418
2026-07-05T04:11:00Z,right,underhand,backhand,smash,underhand_20,下手,6,stroke_peak,yes,underhand,,,43,14.88563056467315,49.26414980376691,2.7566487780491706,6.630811111742254,14.657789319576324,3.321355582820819,11.677242480874048,0.7708097842628627,1.0199872251669477,-56.796499168500304,-334.68030271679163,73.78651888008059,0.42042566666532366,0.2702736666669807,6.630811111742257,3.321355582820819,7.398818463341022,14.657789319576324,11.677242480874048,18.655767569365484,-4.90700729503188,3.5388964707776505,-12.49635124206543,-0.34357279539108276,12.152778446674347,4.90700729503188,6.025882336661438,0.05538011220998542,2.1795587026049574,-9.337810516357422,2.312004804611206,11.649815320968628,1.5523233184980791,2.154777692865608,2.835024419912072,2.4264687898152943,0.09735417366027832,12.243598937988281,12.146244764328003,2.835024419912072,3.7132451861567755,2.834467810253764,11.313322377936617,-5.478064060211182,42.79826736450195,48.276331424713135,7.077395957569744,11.534683783667598,-7.783262853878875,9.85438643777373,-25.117244720458984,5.876595973968506,30.99384069442749,9.246027839218462,12.467147446798906,-1.3208488178721,7.693559523243022,-16.216293334960938,17.76435089111328,33.98064422607422,5.627534826957556,7.717445701315963
2026-07-05T04:11:00Z,right,underhand,backhand,non_smash,underhand_20,下手,6,recovery,no,,,,58,0.6876719753747009,3.804999829038137,0.050888521415280406,0.25639994664514953,1.127237480143576,0.16810431728466513,1.0839587443136594,0.7040724961920711,1.163044795680442,-48.40468264836818,-21.118798319250345,5.211172775120218,0.5705784583333298,0.06006100000013248,0.25639994664514953,0.16810431728466513,0.3057985757509016,1.1272374801435765,1.0839587443136596,1.5573608611646008,0.09311751764396141,0.08108588767320339,-0.008742749691009521,0.3312058448791504,0.3399485945701599,0.09357232985825374,0.12301395271240215,0.2020463732809856,0.17253441761665483,-0.06733828783035278,0.6055914163589478,0.6729297041893005,0.21069030771995412,0.2647217759824683,-0.03079460098825652,0.08650684933035972,-0.22829818725585938,0.14890646934509277,0.37720465660095215,0.07939265617008867,0.09111924983250594,-0.22258453763186417,0.5539630610502264,-1.3137637376785278,0.5874350070953369,1.9011987447738647,0.4583652318969112,0.5925605453169361,-0.36411721240086803,0.3867896603995363,-1.5789742469787598,0.20646610856056213,1.785440355539322,0.379376118617325,0.5287798859672455,-0.8345634939373824,1.0570743024446425,-3.633232355117798,0.0012776441872119904,3.63450999930501,0.8346075506334931,1.3396405055900291
2026-07-05T04:11:03Z,right,underhand,backhand,smash,underhand_20,下手,7,stroke_peak,yes,underhand,,,43,6.645576974947749,32.11090369827607,1.4551692268593035,3.604114481068147,11.562526718386728,1.366110548443869,9.011375324116788,0.5838213242796287,0.8808242717762981,-33.29159319400787,-350.98014752566814,50.662662055814664,0.4204266249998909,0.270274624999729,3.604114481068147,1.366110548443869,3.8487008033447596,11.562526718386728,9.011375324116788,14.594808105707859,-2.923484153525774,1.460602938041895,-6.213912487030029,-1.2972018718719482,4.916710615158081,2.923484153525774,3.2604459040683063,0.22828375669412834,1.2906908804082289,-3.5587921142578125,1.6238552331924438,5.182647347450256,1.0900264112062232,1.2958607017787418,1.3215279648470324,0.8799468082004883,-0.3548424243927002,3.1176602840423584,3.4725027084350586,1.3814013101333795,1.582003609950467,2.6122776904078417,8.408239891643388,-3.118354320526123,30.081388473510742,33.199742794036865,5.191386193383572,8.710817509808862,-8.162329012224841,7.473790839687893,-25.80827522277832,0.17499540746212006,25.98327063024044,8.170468333502148,11.00827650632841,-0.7742230975350668,3.9640824407429793,-9.179220199584961,10.451141357421875,19.630361557006836,3.139131271561911,3.9934859851339315
2026-07-05T04:11:04Z,right,underhand,forehand,non_smash,underhand_20,下手,7,recovery,no,,,,58,0.8766105527857695,3.5241559350716716,0.04859455194125053,0.28393778687222626,1.2928296176154954,0.15350343107954567,0.6359212089992677,1.9682135976335982,1.7039998601016977,-61.376705050468445,4.12034113984555,4.99124903653031,0.5705779999989318,0.030029999999896972,0.28393778687222626,0.15350343107954573,0.32214547384089304,1.2928296176154956,0.6359212089992679,1.438343444082296,0.13213247060775757,0.1657445506917604,-0.1716824173927307,0.5633987188339233,0.735081136226654,0.17977078207607927,0.21084734650131917,0.1939672876534791,0.13875371336547576,-0.012507051229476929,0.6715475916862488,0.6840546429157257,0.19458572283901018,0.23778973988422197,0.02996126896348493,0.043731428324918914,-0.04873886704444885,0.16376638412475586,0.2125052511692047,0.04008158578954894,0.05269859955748533,-0.05828280245949482,0.7437237530963007,-1.7270121574401855,0.7032639980316162,2.4302761554718018,0.5956532144597892,0.73958452369588,0.0710403644800957,0.29231235105727255,-0.3670995533466339,0.7339795827865601,1.101079136133194,0.25393057015628134,0.29836224336606154,-1.0582190525942836,0.5643493727283623,-3.180980682373047,-0.17857560515403748,3.0024050772190094,1.0582190525942836,1.1970073379798598
2026-07-05T04:11:08Z,right,underhand,backhand,smash,underhand_20,下手,8,stroke_peak,yes,underhand,,,43,9.542573452392777,32.39915963958429,1.5073246352670044,3.7254061285279176,12.002304592199197,2.27959350241682,8.577886625792429,1.2201859583390429,0.7026421281607167,-224.2681534141302,-33.53365636430681,50.6632721037301,0.42042600000058883,0.2702740000004269,3.725406128527917,2.27959350241682,4.353659086249912,12.002304592199197,8.577886625792429,14.694362472269217,-2.89639525358067,1.842760400531649,-7.5622382164001465,0.8808305263519287,8.443068742752075,2.9373641152714574,3.421388615588287,0.310871796552525,2.514398486784739,-3.2388625144958496,7.48767614364624,10.72653865814209,1.790814029615979,2.5043588247426443,0.5194391674080561,0.8506739621411955,-0.486354798078537,2.354867458343506,2.841222256422043,0.703703529266424,0.9882480747984907,-4.327357394057651,10.153810457357956,-26.578426361083984,4.754930019378662,31.333356380462646,7.849851216687712,10.928321806152812,-0.7798524735885304,3.94129341619414,-6.035002708435059,7.374996185302734,13.409998893737793,3.433720638715597,3.9724945128554143,-5.2155384514914,7.401867894691835,-18.528162002563477,4.541952610015869,23.070114612579346,6.540882316093112,8.984172656006367
2026-07-05T04:11:09Z,right,underhand,backhand,non_smash,underhand_20,下手,8,recovery,no,,,,58,0.4112538854672425,1.5098196105466375,0.02740683674328503,0.25188177835263437,0.9421633391642884,0.07879619700349401,0.3262721315086016,0.6309674217177452,0.44824148403990854,-11.05452250316739,-46.404880970716476,2.705210231069789,0.5705767500003276,0.0700699999997596,0.25188177835263437,0.07879619700349401,0.263716176885993,0.9421633391642881,0.3262721315086016,0.9961374685385802,-0.10023840748030564,0.0753262232654611,-0.2872422933578491,0.03989529609680176,0.3271375894546509,0.10395561004507131,0.12499579981459676,0.11231519076330908,0.09239167401690332,-0.05160742998123169,0.28545230627059937,0.33705973625183105,0.11952689855263152,0.14492669620305676,-0.1652259374486989,0.07561409753367963,-0.30065882205963135,0.027563750743865967,0.3282225728034973,0.16617641161228047,0.1814346292958996,-0.1389941927085727,0.4061859922549281,-0.8135988712310791,0.8105043172836304,1.6241031885147095,0.3719025721235586,0.4259833816275304,-0.8000841546675255,0.353642550644587,-1.4403494596481323,-0.4771195352077484,0.9632299244403839,0.8000841546675255,0.8735224373942407,-0.19059521557185158,0.10798649513249327,-0.3933263123035431,0.16503748297691345,0.5583637952804565,0.2014470198673421,0.21860138648336502
2026-07-05T04:11:12Z,right,underhand,backhand,smash,underhand_20,下手,9,stroke_peak,yes,underhand,,,43,12.12747147504213,34.554147201517544,1.7708693429023301,4.33830079744728,13.243676787599693,2.8014760097591527,8.904104691925133,1.3773286218106446,0.9826582950012512,-221.77116322517395,-84.99658451974392,63.670032074035234,0.42042599999876984,0.2702740000004269,4.338300797447281,2.8014760097591527,5.146513750666603,13.243676787599693,8.904104691925134,15.900762958190015,-2.9080450604128285,2.28164631055005,-8.987251281738281,0.46760982275009155,9.454861104488373,2.9402936821760135,3.6798869939252588,0.3965606412222219,3.0835825645308335,-2.7835071086883545,7.889837741851807,10.673344850540161,2.0772877654363944,3.073209120654802,0.3493893493053525,1.8597809400278686,-1.8852927684783936,5.11350679397583,6.998799562454224,1.5780404431875361,1.870941260025094,-3.869200976782067,11.879531880650754,-31.8251953125,8.610636711120605,40.435832023620605,8.673956573009491,12.361717405415492,-1.9766647562731143,5.196653813559819,-8.57181167602539,7.7068190574646,16.27863073348999,4.946976090933001,5.503125135519818,-5.157468912213347,6.645708147714234,-17.079822540283203,6.062389373779297,23.1422119140625,6.587604145671046,8.350917266025654
2026-07-05T04:11:13Z,right,underhand,backhand,non_smash,underhand_20,下手,9,recovery,no,,,,58,0.4622355569948253,1.779286594974073,0.019848868660729563,0.23058797115446955,1.0544016458418501,0.07254743896673779,0.2923083834204367,0.9312836075082803,0.5013304997890532,-12.148496458306909,-36.61858594417572,3.165993265958549,0.5705788333343662,0.5705788333343662,0.23058797115446952,0.07254743896673779,0.24154337023720854,1.0544016458418501,0.2923083834204367,1.0934961573159125,-0.12285677728981807,0.09844465097038321,-0.41337066888809204,0.019802629947662354,0.4331732988357544,0.12460771511340964,0.15690138559403957,0.13361477389417845,0.07630326315459748,-0.025093942880630493,0.28187820315361023,0.3069721460342407,0.13499292063302007,0.1535405914397202,0.03835433618775729,0.0939768935438913,-0.13987049460411072,0.2199692726135254,0.3598397672176361,0.08487561704783604,0.10074940041787162,0.4128717345924213,0.5753344459181011,-1.0663084983825684,1.3456114530563354,2.411919951438904,0.6093238349361666,0.7041063340625259,-0.6313549300719952,0.2831857050660815,-1.6357468366622925,-0.26179978251457214,1.3739470541477203,0.6313549300719952,0.6909562458162664,-0.20945683548805014,0.4263919244875294,-1.163597822189331,0.5926979184150696,1.7562957406044006,0.39639584222358876,0.47174949153675705
2026-07-05T04:11:15Z,right,underhand,backhand,smash,underhand_20,下手,10,stroke_peak,yes,underhand,,,43,12.909963397935767,39.48341442399368,1.784843947390346,4.370799877651969,13.837514977772589,3.3045774560906946,10.196023018340755,1.3114380991108414,0.9996174076477843,-247.75187958031893,-87.15589290857315,71.12824897481335,0.4204254583346483,0.27027345833448635,4.370799877651968,3.304577456090694,5.456204252616157,13.837514977772587,10.196023018340757,17.11777023017779,-3.1050154469734013,2.752293082686726,-10.163722038269043,1.1359374523162842,11.299659490585327,3.1640589985736582,4.127962284513646,0.3228848957738211,2.950035727122647,-4.022232532501221,7.355997562408447,11.378230094909668,2.0155946619288865,2.933355897971712,0.6914550544217576,1.9324203194334768,-1.7642749547958374,5.28302526473999,7.047300219535828,1.4218806977881941,2.031136479839327,-4.1040449218694555,13.249792846220462,-36.36753845214844,10.279349327087402,46.64688777923584,9.293569119170655,13.722881403510295,-2.026881230431934,4.6221869877157395,-10.409770011901855,6.955650329589844,17.3654203414917,4.493719168873721,4.9976002858420525,-5.761671618146952,6.901848877544772,-17.98542594909668,5.114894866943359,23.10032081604004,6.915111109441103,8.928861910753445
2026-07-05T04:11:16Z,right,underhand,backhand,non_smash,underhand_20,下手,10,recovery,no,,,,58,0.5675287538890958,1.8874621939899303,0.024396055389718486,0.20880717240129343,0.6895833479188612,0.11614400844172607,0.503703075258401,0.936497964127792,0.8096795075535517,-17.67237198073417,-12.964431163389236,2.8334631800766372,0.5705770000004122,0.04003999999986263,0.20880717240129337,0.11614400844172608,0.2384476662746128,0.6895833479188611,0.503703075258401,0.8513915399932149,-0.09936840883616743,0.08507400178549926,-0.3424949645996094,0.02227950096130371,0.3647744655609131,0.10066179057647442,0.13033372737979287,0.09833436587761188,0.13879089471993336,-0.35718828439712524,0.33863651752471924,0.6958248019218445,0.14456472725703798,0.16911664846908422,0.029844590045254808,0.10276848324416045,-0.14715997874736786,0.35661810636520386,0.5037780851125717,0.07543212714894064,0.10616010677124971,0.3966320285148084,0.4949125088240835,-0.2671942412853241,1.2455397844314575,1.5127340257167816,0.4592792037272312,0.630897996288378,-0.2235246752308489,0.2511541385456956,-0.7924827933311462,0.16592080891132355,0.9584036022424698,0.25713347747183307,0.3345954618676629,-0.30469606863334775,0.35239542203550067,-1.442893147468567,-0.005573603790253401,1.4373195436783135,0.30469606863334775,0.4635527473210501
2026-07-05T04:11:19Z,right,underhand,backhand,smash,underhand_20,下手,11,stroke_peak,yes,underhand,,,37,10.90031004906204,32.71986488616245,1.7154904672886142,4.856460722401661,14.483125681476059,3.009893027433928,8.206305761632338,0.7540564902170738,0.7133436701819612,-329.2685059309006,-16.183395981788635,61.88468414798567,0.3603645000002871,0.27027300000008836,4.856460722401661,3.009893027433928,5.692083680136319,14.483125681476059,8.206305761632336,16.591693415701467,-3.4954999266444027,2.3581989502567144,-8.994638442993164,1.9347639083862305,10.929402351379395,3.615800100403863,4.198728612842017,1.1624719488459665,3.1325240126960865,-3.812680721282959,7.831297874450684,11.643978595733643,2.207214425141747,3.301339036368309,0.39192018516965815,1.9548230264668658,-1.8235334157943726,4.471609592437744,6.295143008232117,1.4875715387028616,1.9676522112219774,-6.184872893062797,10.321664732329507,-29.943178176879883,4.3695244789123535,34.312702655792236,7.950324902663359,11.912600202354241,-0.43738908058888204,3.280514899825122,-3.84018874168396,7.466962814331055,11.307151556015015,2.852247743993192,3.265306777427295,-8.89914880894326,6.687748439762559,-20.639690399169922,3.0915682315826416,23.731258630752563,9.512631960817286,11.077545687957624
2026-07-05T04:11:20Z,right,underhand,backhand,non_smash,underhand_20,下手,11,recovery,no,,,,58,1.2847004295560587,3.2374089729114974,0.2143207852910821,0.5825036498135283,1.3619139984789332,0.3705484776662215,0.9288113306019133,0.4725465676440797,0.5495314820058157,-5.944910523481667,-61.953940737992525,6.938646616117186,0.5705760000000737,0.5705760000000737,0.5825036498135282,0.3705484776662215,0.6886576279357284,1.361913998478933,0.9288113306019133,1.6439666216741888,-0.4204885009033927,0.36875614042741045,-1.277517318725586,-0.1054832935333252,1.1720340251922607,0.4204885009033927,0.5571778611217091,-0.13867853222222165,0.28271554358521217,-0.6118924021720886,0.22791296243667603,0.8398053646087646,0.2636301353059966,0.3127007252367129,0.0921965991628581,0.24192835613012642,-0.28716200590133667,0.3958023190498352,0.6829643249511719,0.22875666310047282,0.256944383138327,-0.35238798788010045,0.5248519143070469,-1.117725133895874,0.7945845127105713,1.9123096466064453,0.5663240133495681,0.6284085862439611,-1.0681713920343539,0.9980852764903505,-3.0556116104125977,-0.025752078741788864,3.029859531670809,1.0681713920343539,1.4560181744524796,-0.10249845730140805,0.4246685919850767,-1.1727674007415771,0.5646343231201172,1.7374017238616943,0.32383430900116417,0.4332897155227441
2026-07-05T04:11:23Z,right,underhand,backhand,smash,underhand_20,下手,12,stroke_peak,yes,underhand,,,43,8.869505140449851,32.17993394179795,2.2683930339136174,5.49533263700841,13.3535209733646,2.227326606918448,9.141901248535934,-0.05320822219736778,0.5111944775242754,-108.40601146221161,-374.9600407364778,54.88651721614045,0.42042399999991176,0.27027300000008836,5.495332637008411,2.227326606918448,5.9198220318396935,13.353520973364603,9.141901248535934,16.12288097992897,-4.578708482343097,2.3059392644377024,-8.719185829162598,-1.012937068939209,7.706248760223389,4.578708482343097,5.114515404046031,-0.24396893451380175,1.2600828856872377,-2.703941822052002,2.2167351245880127,4.920676946640015,1.0308285937752835,1.2690169155415394,2.2326008538867153,1.5315563693600094,0.33533453941345215,7.237771511077881,6.902436971664429,2.2326008538867153,2.69733593356481,4.252595645570477,8.474860892282473,-3.044900417327881,28.016443252563477,31.061343669891357,6.128311280074508,9.393483290560644,-8.72000094735995,7.559166641807574,-23.270347595214844,0.22635339200496674,23.49670098721981,8.747577116510636,11.482619751957687,-2.521070034004921,5.856715169004913,-11.934457778930664,8.083782196044922,20.018239974975586,5.474923314050186,6.313414796674175
2026-07-05T04:11:24Z,right,underhand,forehand,non_smash,underhand_20,下手,12,recovery,no,,,,58,1.0391106744334808,4.658724585254749,0.28046971152474215,0.7019581788595914,2.946273815293872,0.24346418616851814,1.036609744697952,-0.6360741486730139,0.32207020942851605,-137.2980057001114,8.599874034523964,7.521361737948845,0.5705759583343024,0.10010099999999511,0.7019581788595917,0.24346418616851812,0.7422924729058848,2.9462738152938726,1.036609744697952,3.120346497590764,-0.1066537741250519,0.20587530003087645,-0.6299145221710205,0.2066763937473297,0.8365909159183502,0.15496400663436488,0.23028004050977366,0.572883467992832,0.21970273143798394,0.11297065019607544,0.9137934446334839,0.8008227944374084,0.572883467992832,0.6128886758289821,0.2441708019067501,0.2526214806300864,-0.21785172820091248,0.6803677082061768,0.8982194364070892,0.2751168973486999,0.34976662121498636,-1.5363916781056544,0.9860839908352532,-3.115222692489624,0.06674426048994064,3.1819669529795647,1.5404655054083158,1.8210151481313552,0.14827369025041318,0.6014449106434794,-0.8876718878746033,1.4429378509521484,2.3306097388267517,0.48255487492886084,0.6143974613462745,-2.3672069948295067,0.6685956492953017,-3.7894132137298584,-1.5437177419662476,2.245695471763611,2.3672069948295067,2.4582477203883135
2026-07-05T04:11:26Z,right,underhand,backhand,smash,underhand_20,下手,13,stroke_peak,yes,underhand,,,43,8.873485238822788,30.836834301584183,1.3982810310498113,3.471816351278631,12.118536778941996,2.1043054530522567,7.679675780154953,1.22454547102383,0.7402994626765516,-265.45352156460285,-50.66654101014137,53.45221118526156,0.42042312500052503,0.27027300000008836,3.47181635127863,2.104305453052257,4.0470521510725845,12.118536778941987,7.679675780154953,14.299118358900246,-2.414310451163802,1.810418006530467,-6.798333168029785,2.3690643310546875,9.167397499084473,2.5630930925524513,3.0050432187399228,0.7928055559479913,2.2804369804924787,-1.6320152282714844,6.245900630950928,7.877915859222412,1.5782073174798212,2.389140871440239,0.2381462877572969,1.2733201836990689,-1.5911691188812256,3.382718563079834,4.97388768196106,0.9922565200994181,1.280762375860648,-4.683465791303058,9.500304695932915,-26.196460723876953,7.051592826843262,33.248053550720215,6.8717242548632065,10.492457733501858,-1.1782916513986366,3.036216985410298,-5.166203022003174,6.153079032897949,11.319282054901123,2.8589745773825537,3.2237553312660285,-6.173337710804717,6.852924373814422,-16.98074722290039,6.0509538650512695,23.03170108795166,7.596305529392043,9.164088504409428
2026-07-05T04:11:27Z,right,underhand,backhand,non_smash,underhand_20,下手,13,recovery,no,,,,58,0.2662139843434668,1.586928644057818,0.002126021112820243,0.13752284699086764,0.5923301809406915,0.06801351892796693,0.4385300329850925,0.17311063594790807,1.0352791502989827,-16.308013970701722,-22.51372817158699,2.1928501317657174,0.5705749999997352,0.04003999999986263,0.13752284699086761,0.06801351892796692,0.1531620591425996,0.5923301809406913,0.4385300329850925,0.7347434707033766,-0.025521211583038855,0.03659499117250351,-0.10363990068435669,0.03772175312042236,0.14136165380477905,0.03388931730697895,0.044355789684843404,0.07314267857321377,0.07541880541179989,-0.10625463724136353,0.214625746011734,0.32088038325309753,0.08720959568845815,0.10459339720287997,-0.07196203696316686,0.0739400270530626,-0.2356531023979187,0.14420479536056519,0.3798578977584839,0.0874793622000464,0.10272001530274269,0.08857763944803898,0.307433990484147,-0.35182374715805054,0.7818527221679688,1.1336764693260193,0.24626742458324238,0.3173831696800281,-0.3881677270963274,0.31398432179668934,-1.2426385879516602,-0.09213815629482269,1.1505004316568375,0.3881677270963274,0.4975545974178442,-0.2811726546672711,0.33833546696193695,-0.9740250110626221,0.10559366643428802,1.07961867749691,0.3026374428546064,0.437670325625886
2026-07-05T04:11:30Z,right,underhand,backhand,smash,underhand_20,下手,14,stroke_peak,yes,underhand,,,43,12.95310171980484,35.70378454899323,1.951246501899886,4.757782562557875,13.268019767977398,3.070980082838375,9.45251812553673,1.1183099113651964,0.8243009638733367,-300.17564728856087,-89.96057194471359,66.63856078030858,0.42042399999991176,0.2702719999997498,4.757782562557876,3.0709800828383744,5.6434111928680695,13.268019767977398,9.45251812553673,16.226907844687446,-3.3614752510952397,2.461679458986122,-10.09068775177002,0.03209586441516876,10.122783616185188,3.362968081998271,4.149512563163339,0.7148251731035321,2.825968699282172,-3.1608803272247314,8.126405715942383,11.287286043167114,1.82812223288902,2.882941359582199,0.459888085029846,2.500437391237947,-3.763627052307129,6.927882194519043,10.691509246826172,1.7862982150427131,2.513619799641262,-4.374828088422154,10.886959860347464,-35.305843353271484,6.110905170440674,41.41674852371216,6.675457181625588,11.61501612746425,-2.092106324295665,5.007067072126937,-9.793960571289062,9.792323112487793,19.586283683776855,4.431399281634841,5.372577549135589,-6.980829006710718,7.212286380267284,-21.427631378173828,5.700878143310547,27.128509521484375,8.134721274292746,9.976940865678646
2026-07-05T04:11:31Z,right,overhead,backhand,non_smash,underhand_20,下手,14,recovery,no,,,,58,0.38178753090347717,1.4420196753284718,0.011616269174101137,0.17663839999859487,0.630036646690031,0.08495733717659171,0.3406639523142332,0.4909777238196573,0.9645294983275909,5.323267433792353,-26.454343784600496,2.259793593644443,0.5705753749989526,0.07007100000009814,0.17663839999859493,0.08495733717659171,0.19568962553878191,0.6300366466900312,0.34066395231423313,0.714840688028754,-0.051356896244246386,0.056288003493474015,-0.18500840663909912,0.04301732778549194,0.22802573442459106,0.05757484867654998,0.07583695397908383,0.08348934840539406,0.11050476965764787,-0.24605292081832886,0.35542744398117065,0.6014803647994995,0.10912221593075785,0.1377361088752342,-0.07533631859154537,0.08963772930226965,-0.22263425588607788,0.10783404111862183,0.3304682970046997,0.1002993419252593,0.11649871358342391,0.07672266546508362,0.40244255941946383,-0.7358422875404358,0.9184889197349548,1.6543312072753906,0.3265661572844818,0.4062683435858821,-0.4561093755965603,0.3139752194498688,-1.1174330711364746,-0.029766395688056946,1.0876666754484177,0.4561093755965603,0.5521924829297751,0.09178047299641988,0.18214014424800326,-0.2699192464351654,0.3647424578666687,0.6346617043018341,0.17653928016280307,0.20255049754877458
2026-07-05T04:11:34Z,right,underhand,forehand,smash,underhand_20,下手,15,stroke_peak,yes,underhand,,,43,13.951803644844958,34.593294552101305,1.9823037498464067,4.83000872057304,13.564978476668172,3.0570431955248374,8.516841274479377,1.6409793589329895,0.7598671385183181,-338.6250467300415,40.0766727887094,66.70641753791678,0.4204229999995732,0.2702719999997498,4.830008720573039,3.057043195524838,5.697118554688764,13.564978476668173,8.516841274479379,15.964282916395337,-3.6624989003636115,2.677095064281513,-11.709532737731934,0.5683343410491943,12.277867078781128,3.6889330557612485,4.518192728026661,1.1548549817051998,2.517946352298242,-2.832979202270508,7.621367931365967,10.454347133636475,2.0043182948301004,2.743410423072855,0.5379348265570264,2.080402009434863,-2.312425374984741,6.198859214782715,8.511284589767456,1.5193456917308097,2.1252749349581137,-5.225913910671722,9.455932247093388,-33.48080825805664,3.67506742477417,37.15587568283081,6.324014105769091,10.707260167281206,0.9320156462490559,3.657485657207672,-3.7990901470184326,8.920681953430176,12.719772100448608,2.751621351945539,3.7329287151138746,-7.875001086745152,8.111261899021526,-19.883665084838867,9.144674301147461,29.028339385986328,9.620666082515273,11.237355202748713
2026-07-05T04:11:35Z,right,underhand,backhand,non_smash,underhand_20,下手,15,recovery,no,,,,58,0.5048388990472868,1.7556476356844466,0.03556445002903516,0.2713148981702202,0.8633646271482631,0.08964905581923205,0.49452725328008845,0.8639109640316043,0.66489151338191,-10.278096999973059,-40.59589630365372,3.129897461620521,0.5705743333328428,0.0800810000000638,0.27131489817022014,0.08964905581923205,0.28549984066478223,0.8633646271482631,0.4945272532800884,0.9928439857934804,-0.10644313487513311,0.07771628692064102,-0.3106425404548645,0.06533682346343994,0.37597936391830444,0.11122841773361995,0.13139949530189282,0.07928845954352412,0.07652255911321214,-0.06086982786655426,0.25398939847946167,0.31485922634601593,0.08976669917846548,0.10973331987045647,-0.20286605224527163,0.10602888638328543,-0.46285679936408997,-0.05304586887359619,0.4098109304904938,0.20286605224527163,0.22847960557614758,0.23709464468190383,0.4262031424866596,-0.4407181739807129,0.9801017642021179,1.4208199381828308,0.38658011335365733,0.484490565280729,-0.6999292466147192,0.4576271801586538,-1.7186400890350342,-0.26977619528770447,1.4488638937473297,0.6999292466147192,0.834094030180541,-0.17720856896505274,0.15592148061064887,-0.5108434557914734,0.24503257870674133,0.7558760344982147,0.19226711147047323,0.23514935912612536
2026-07-05T04:11:38Z,right,underhand,backhand,smash,underhand_20,下手,16,stroke_peak,yes,underhand,,,43,11.161401246656583,36.47932070648884,2.452205919289322,5.922804463463541,14.64317464238011,2.986688365650083,9.544137811763614,0.2795151748848247,0.5456803728741568,-145.88373547792435,-379.9105771481991,57.88040234185918,0.4204229999995732,0.2702719999997498,5.92280446346354,2.986688365650083,6.617588012016298,14.643174642380108,9.544137811763612,17.418230246156224,-5.112307311490524,3.2322860763805012,-11.047343254089355,-0.6937747597694397,10.353568494319916,5.112307311490524,6.02829911174341,-0.02842186980469282,1.1803197678621737,-3.17024302482605,1.7418007850646973,4.912043809890747,0.9921042260735534,1.166860578352239,2.0760696086772654,1.3501274043076907,0.6576863527297974,6.474099159240723,5.816412806510925,2.0760696086772654,2.467897345276523,4.003013125685758,10.01794026670482,-4.032364845275879,32.287986755371094,36.32035160064697,6.518643208714419,10.679387064868319,-8.83512970112091,6.247004130756162,-19.95046043395996,-0.3046030104160309,19.64585742354393,8.83512970112091,10.778544331042617,-3.39264501111452,7.945214622416814,-15.893671035766602,13.721439361572266,29.615110397338867,7.086085703483848,8.553854039588455
2026-07-05T04:11:39Z,right,underhand,forehand,non_smash,underhand_20,下手,16,recovery,no,,,,58,0.7775143090206803,3.7921758039667797,0.12380384654804882,0.42949178772207647,2.0316888789463206,0.15931500644257007,0.9292909534456305,0.1822465388835904,0.29317172210555886,-80.72996732592583,18.326914180768654,5.7570581568877754,0.5705752499998198,0.5605652499998541,0.42949178772207647,0.15931500644257007,0.457609941842419,2.031688878946321,0.9292909534456306,2.2307962788533557,-0.20365959277440762,0.229856754025594,-0.5651819705963135,0.2633041739463806,0.8284861445426941,0.2734495496441578,0.30561482926991995,0.09846259435189181,0.15102127670196686,-0.526864230632782,0.31583577394485474,0.8427000045776367,0.14329092243108257,0.17919005837420451,0.06733578957360366,0.28417527537579845,-0.3337808847427368,0.45155370235443115,0.785334587097168,0.2637924973306985,0.28965040649581164,-0.6770107373916383,0.7497284204064044,-2.494781732559204,0.3286589980125427,2.823440730571747,0.7628691048393476,1.0053581398611722,0.3159812789787699,0.44061987352159393,-0.1551433652639389,1.7201193571090698,1.8752627223730087,0.34228696061924485,0.5391128814731757,-1.3918959883780315,1.329727676920554,-3.5088510513305664,1.6936970949172974,5.202548146247864,1.5923695024745217,1.917045734819739
2026-07-05T04:11:42Z,right,underhand,backhand,smash,underhand_20,下手,17,stroke_peak,yes,underhand,,,43,8.736829602765665,34.71769957561469,2.1402611292639433,5.197351463404518,13.917386024684111,2.16630408473109,8.135749029788046,0.15017662371184465,0.6770054618973919,-63.35510790348053,-390.59954345971346,50.724960489413895,0.4204227083318983,0.2702717083320749,5.1973514634045195,2.1663040847310895,5.621049637858413,13.917386024684108,8.135749029788046,16.073105926434422,-4.578793328861858,2.307830687534166,-8.548081398010254,-0.9983561038970947,7.549725294113159,4.578793328861858,5.115424561797819,-0.08104524397572806,1.0739056396191111,-4.202059745788574,1.3742938041687012,5.576353549957275,0.7662049736394438,1.0644347535401717,1.6017807541891587,1.330825282403314,-0.4312385320663452,6.207543849945068,6.638782382011414,1.669507274794024,2.072585158510906,4.963264067408217,8.49677948257551,-2.677614688873291,32.312278747558594,34.989893436431885,5.792498766087255,9.754501125471158,-9.083710313016592,6.470498394413727,-19.786413192749023,0.15352340042591095,19.939936593174934,9.09368913724672,11.108892079449936,-1.473374602406524,6.205783432447144,-8.502760887145996,13.769353866577148,22.272114753723145,5.3013009526008785,6.307690439669477
2026-07-05T04:11:42Z,right,underhand,forehand,non_smash,underhand_20,下手,17,recovery,no,,,,58,0.94331397629472,5.525531828396729,0.2535556080512142,0.6571648414676106,3.7503746463017427,0.20229035435175832,0.8236806663833182,-0.3600651716952784,0.4936258510522162,-165.91526770591736,48.15555602312088,8.022830166657032,0.5705748749987833,0.3603629999997793,0.6571648414676107,0.20229035435175838,0.6870818547755002,3.750374646301742,0.8236806663833182,3.8382368890884146,-0.34841046405249626,0.21202999828046423,-0.692221462726593,0.05905807018280029,0.7512795329093933,0.3531984486456575,0.40690472566323854,0.3863062786644903,0.14275716567865387,0.022663414478302002,0.6084879040718079,0.5858244895935059,0.3863062786644903,0.4114131460349875,0.34581930472933015,0.1340449365714561,0.15071934461593628,0.6035119891166687,0.4527926445007324,0.34581930472933015,0.3704716489345172,-2.06446564146157,0.6707900034242321,-3.2147316932678223,-0.37904414534568787,2.8356875479221344,2.06446564146157,2.168921320779781,0.8302682072951876,0.5197702612032324,0.10016976296901703,2.234316110610962,2.134146347641945,0.8302682072951876,0.9771634817445912,-2.860608063895127,0.9515925140874978,-4.57144021987915,-1.1601366996765137,3.4113035202026367,2.860608063895127,3.012141140612569
2026-07-05T04:11:45Z,right,underhand,backhand,smash,underhand_20,下手,18,stroke_peak,yes,underhand,,,43,8.127368250465855,31.085760416306634,1.992769481304309,4.854347630940253,13.77641197149737,1.6823425885685441,7.361197256559678,0.2782361202245672,0.36439364911395744,-197.58080089092255,-381.66037352383137,44.99586395798734,0.42042266666794603,0.2702720000015688,4.854347630940254,1.682342588568544,5.1311935377280244,13.776411971497373,7.361197256559677,15.579364038174976,-4.241950398267702,2.1192602471832247,-7.963486194610596,-1.345145583152771,6.618340611457825,4.241950398267702,4.730851844727768,-0.054845627657202786,0.9855893355864842,-3.5821828842163086,1.755305290222168,5.337488174438477,0.6826623407907264,0.9756044287166916,1.356231920247854,1.0883781473362033,-0.5933542251586914,3.985377073287964,4.578731298446655,1.436685896890108,1.7310066272334426,4.404080320063025,7.832648838880759,-3.354214668273926,26.695749282836914,30.04996395111084,4.9493002390792205,8.90615282225512,-8.875822640089101,6.5647704867822245,-18.898393630981445,2.578660726547241,21.477054357528687,9.482198025944621,10.994280404131723,-4.5949023463005245,4.681821359684385,-11.5792875289917,9.316046714782715,20.895334243774414,5.873652117196904,6.520952701556886
2026-07-05T04:11:46Z,right,underhand,backhand,non_smash,underhand_20,下手,18,recovery,no,,,,58,1.1836261113837605,5.258098165891791,0.2167508841397997,0.5800007823056504,2.9804884545327517,0.33355631497714927,1.4614742521151134,0.1908562073467757,0.035920775336561475,-79.56039443612099,-42.69400836410932,8.797858589875963,0.5705739999993966,0.5505539999994653,0.5800007823056503,0.3335563149771492,0.6676394611310699,2.980488454532752,1.4614742521151136,3.313969286915501,-0.30285858562023477,0.2548032686246461,-0.8852530121803284,0.019496936351060867,0.9047499485313892,0.3036195929322777,0.3943711920362279,0.29337613207512886,0.24135950500905873,-0.19172996282577515,0.7996345162391663,0.9913644790649414,0.30954616105762023,0.37857572444482274,0.29306949829233103,0.24914806325028602,-0.10728591680526733,0.6428489089012146,0.7501348257064819,0.32605742791603354,0.38326783560897426,-2.3412901336519885,1.228838367053277,-4.436675548553467,0.14949800074100494,4.586173549294472,2.346445237125816,2.6392514062729586,-0.7361035924846435,0.5778956632929104,-2.2985804080963135,0.3932437300682068,2.6918241381645203,0.7760409751529644,0.9327668019965378,-1.3717309385538101,1.134565353950592,-3.052415609359741,1.0225154161453247,4.074931025505066,1.4811581817680393,1.7738913558046876
2026-07-05T04:11:49Z,right,underhand,forehand,smash,underhand_20,下手,19,stroke_peak,yes,underhand,,,43,11.770184424669667,33.20454668252074,1.7891970006446596,4.380923257313162,13.789372968067191,2.74517830237394,8.252255309883056,1.4084083856170868,0.7202151510224415,-348.99129140377045,42.37906626239419,58.758464134582155,0.4204229999995732,0.2702719999997498,4.380923257313161,2.74517830237394,5.152983271209589,13.789372968067191,8.252255309883056,16.02069942876561,-3.0993347569953564,2.2530238637533113,-9.725057601928711,0.10551178455352783,9.830569386482239,3.104242281858311,3.8162734761699832,1.4676973850921142,2.3896171278185867,-2.3290696144104004,7.928156852722168,10.257226467132568,2.0677009436280227,2.7805770362673883,0.45227259397506714,2.037065877598871,-2.4163217544555664,5.464265823364258,7.880587577819824,1.4375681419705235,2.0634157830718007,-5.606192542369976,9.85610804669016,-32.70718002319336,4.150203704833984,36.857383728027344,7.398087753112926,11.238911167704366,0.9855596805207951,3.141478735491341,-4.05808162689209,8.133845329284668,12.191926956176758,2.4311298805094044,3.257408094044106,-8.116076544273731,7.4263623721570795,-20.51618003845215,7.338339805603027,27.854519844055176,9.357703932496005,10.942530715522658
2026-07-05T04:11:50Z,right,underhand,backhand,non_smash,underhand_20,下手,19,recovery,no,,,,58,0.91627525428954,2.4034261528317082,0.09610987703978718,0.355497731846288,1.1500187461514715,0.2406879085205367,0.6837486808347729,0.700997980442342,0.41356925769841174,-1.6838643979281187,-42.42709651961923,4.601449774372702,0.5705730000008771,0.5305330000010144,0.35549773184628797,0.2406879085205367,0.428147757220103,1.1500187461514715,0.683748680834773,1.3349137870519256,-0.20799553702617513,0.23277696001386813,-0.7413409352302551,0.05455714464187622,0.7958980798721313,0.21314642449905133,0.3106654638802721,-0.018199880575311595,0.2680633374070427,-0.363164484500885,0.8040007948875427,1.1671652793884277,0.22251029980593715,0.26636489688583664,-0.003713051306790319,0.12692992529073233,-0.42565852403640747,0.1363162398338318,0.5619747638702393,0.0874049442595449,0.12588571512152288,-0.1395615652717393,0.6714121172330839,-1.2121518850326538,0.9131946563720703,2.125346541404724,0.5618431015775122,0.6800730455899849,-0.731501664131366,0.6458428662715556,-1.9987261295318604,-0.0428510382771492,1.9558750912547112,0.731501664131366,0.9721193799920329,-0.029032144791864115,0.616596743222332,-1.2965773344039917,0.7079585194587708,2.0045358538627625,0.5016497037341369,0.6119472057025687
2026-07-05T04:11:53Z,right,underhand,forehand,smash,underhand_20,下手,20,stroke_peak,yes,underhand,,,43,16.2701509668513,33.61532723453345,2.020972243919459,4.919935450975486,13.531670557570585,3.7292763114906697,9.110552047998093,1.4681226717797358,0.6541593965450013,-317.10035640001297,85.90599930286407,74.69367683511713,0.4204229999995732,0.2702719999997498,4.919935450975486,3.7292763114906693,6.147343847111455,13.531670557570585,9.110552047998091,16.253552963562058,-3.6048851512199223,2.7804962241494233,-12.084590911865234,-0.34673959016799927,11.737851321697235,3.6048851512199223,4.532831543833715,0.8338601076325705,2.7248078730795564,-3.7856314182281494,7.600549697875977,11.386181116104126,1.8371472940888516,2.819084252185571,1.1123147904872894,2.8723980246264347,-2.2914083003997803,8.83546257019043,11.12687087059021,1.8087154612984768,3.0489405617237675,-6.416835141086648,9.133307722366082,-32.70375442504883,4.56902551651001,37.27277994155884,6.819831015715419,11.074888068896472,1.9978139372759087,4.68839014500664,-2.9705848693847656,12.41335678100586,15.383941650390625,3.87663657443468,5.045897004816475,-7.374426893023557,7.946709941451301,-20.378314971923828,6.067694664001465,26.446009635925293,8.819066132223883,10.773289266399356
2026-07-05T04:11:54Z,right,overhead,backhand,non_smash,underhand_20,下手,20,recovery,no,,,,58,0.4467593041362222,2.1518032043242963,0.03996039591751157,0.26665402478120204,1.0762568253262523,0.10073437777059989,0.48898013383685374,0.10837989605125059,0.5523997668241138,10.373509034514427,-44.71832922101021,3.4575410989145174,0.5705730000008771,0.5705730000008771,0.26665402478120204,0.10073437777059989,0.2847399311093192,1.076256825326252,0.48898013383685385,1.1803846341189763,-0.13270126848385252,0.1414910758957306,-0.3767591118812561,0.15671813488006592,0.533477246761322,0.16199141432499065,0.19309112758114894,0.09799696607836361,0.09423218170643856,-0.046244651079177856,0.2799007296562195,0.32614538073539734,0.1048838449963208,0.13538837130159773,-0.12263355661055138,0.10298793853427936,-0.3204875588417053,0.022917509078979492,0.3434050679206848,0.12600075659053078,0.1595701530170384,-0.1221859411392682,0.3353920917996985,-0.735345184803009,0.6823646426200867,1.4177098274230957,0.2972520228258559,0.35422847665572493,-0.7710056762243139,0.3482412015052187,-1.4708892107009888,-0.3313925564289093,1.1394966542720795,0.7710056762243139,0.844766708491034,0.17885360404335218,0.7289528503211337,-0.6185908317565918,1.8710943460464478,2.4896851778030396,0.527609724422981,0.7444456185750432
